City_ID,City,Lat,Lng,Max Temp,Humidity,Cloudiness,Wind Speed,Country,Date
0,port elizabeth,-33.918,25.5701,15.16,88,0,5.66,ZA,2023-07-22 11:33:48
1,yellowknife,62.456,-114.3525,19.29,63,75,3.6,CA,2023-07-22 11:30:32
2,hithadhoo,-0.6,73.0833,28.17,74,71,2.5,MV,2023-07-22 11:30:03
3,puerto natales,-51.7236,-72.4875,0.29,76,28,1.67,CL,2023-07-22 11:33:49
4,usogorsk,63.4106,48.6872,14.59,88,46,1.32,RU,2023-07-22 11:33:49
5,albany,42.6001,-73.9662,26.08,61,0,0.89,US,2023-07-22 11:33:49
6,tura,25.5198,90.2201,24.67,96,88,2.01,IN,2023-07-22 11:33:49
7,punta arenas,-53.15,-70.9167,1.54,70,19,4.75,CL,2023-07-22 11:32:01
8,puerto ayacucho,5.6639,-67.6236,26.0,84,97,2.42,VE,2023-07-22 11:30:06
9,longyearbyen,78.2186,15.6401,8.91,71,40,3.6,SJ,2023-07-22 11:33:50
10,blackmans bay,-43.0167,147.3167,8.74,88,73,1.68,AU,2023-07-22 11:33:50
11,crane,31.3974,-102.3501,31.39,36,100,3.15,US,2023-07-22 11:33:50
12,avarua,-21.2078,-159.775,22.03,88,100,6.17,CK,2023-07-22 11:33:50
13,nizhnesortymskiy,62.4397,71.7603,18.7,68,100,4.53,RU,2023-07-22 11:30:07
14,colorines,19.2,-100.1667,21.39,77,91,1.61,MX,2023-07-22 11:33:51
15,djibo,14.1022,-1.6306,37.28,28,88,4.64,BF,2023-07-22 11:33:51
16,rondonopolis,-16.4708,-54.6356,33.44,23,0,4.78,BR,2023-07-22 11:29:22
17,mount isa,-20.7333,139.5,10.87,54,0,5.66,AU,2023-07-22 11:33:51
18,st. john's,47.5649,-52.7093,27.66,65,20,7.72,CA,2023-07-22 11:30:08
19,aljezur,37.3191,-8.8033,21.79,71,6,6.47,PT,2023-07-22 11:33:51
20,prado,-17.3411,-39.2208,24.36,71,39,4.38,BR,2023-07-22 11:33:52
21,talnakh,69.4865,88.3972,18.45,88,100,2.44,RU,2023-07-22 11:30:09
22,bethel,41.3712,-73.414,27.86,60,20,5.14,US,2023-07-22 11:33:52
23,conchal,-22.3303,-47.1725,27.08,31,0,1.14,BR,2023-07-22 11:33:52
24,happy valley-goose bay,53.3168,-60.3315,23.17,64,100,4.12,CA,2023-07-22 11:33:52
25,sitka,57.0531,-135.33,14.94,82,100,0.0,US,2023-07-22 11:33:53
26,vilyuchinsk,52.9306,158.4028,14.15,86,72,3.52,RU,2023-07-22 11:30:10
27,puerto ayora,-0.7393,-90.3518,29.98,77,51,5.33,EC,2023-07-22 11:31:21
28,waitangi,-43.9535,-176.5597,11.01,96,100,3.13,NZ,2023-07-22 11:30:11
29,rio grande,-32.035,-52.0986,29.06,81,100,7.2,BR,2023-07-22 11:29:20
30,hawaiian paradise park,19.5933,-154.9731,23.35,99,100,0.0,US,2023-07-22 11:33:53
31,dunay,42.8803,132.3375,18.77,97,86,4.61,RU,2023-07-22 11:33:53
32,port-aux-francais,-49.35,70.2167,3.06,79,87,15.61,TF,2023-07-22 11:30:12
33,tabas,33.5959,56.9244,39.12,10,0,2.06,IR,2023-07-22 11:33:54
34,thompson,55.7435,-97.8558,16.09,59,75,5.66,CA,2023-07-22 11:32:25
35,laojunmiao,39.8333,97.7333,23.77,17,43,1.23,CN,2023-07-22 11:30:12
36,olonkinbyen,70.9221,-8.7187,6.71,72,100,2.22,SJ,2023-07-22 11:30:13
37,port alfred,-33.5906,26.891,15.1,82,94,0.45,ZA,2023-07-22 11:33:54
38,puerto lempira,15.2667,-83.7667,31.08,66,40,3.6,HN,2023-07-22 11:33:54
39,kone,-21.0595,164.8658,17.74,72,49,1.72,NC,2023-07-22 11:33:55
40,al ghayzah,16.2079,52.176,28.52,70,94,2.35,YE,2023-07-22 11:33:55
41,lebanon,36.2081,-86.2911,28.8,66,40,0.45,US,2023-07-22 11:33:55
42,barbastro,42.0356,0.1269,31.3,24,92,2.81,ES,2023-07-22 11:33:55
43,qamdo,31.1667,97.2333,7.86,64,59,1.45,CN,2023-07-22 11:33:55
44,jamestown,42.097,-79.2353,24.18,60,40,3.09,US,2023-07-22 11:30:18
45,forbes,-33.3833,148.0167,2.73,94,0,2.94,AU,2023-07-22 11:33:56
46,afaahiti,-17.75,-149.2833,20.93,68,81,4.88,PF,2023-07-22 11:33:56
47,naila,50.3167,11.7,22.33,54,0,6.26,DE,2023-07-22 11:33:56
48,bardai,11.65,7.2333,24.04,81,95,6.18,NG,2023-07-22 11:30:17
49,ribeira grande,38.5167,-28.7,24.22,78,40,2.06,PT,2023-07-22 11:33:56
50,ushuaia,-54.8,-68.3,-0.19,86,40,4.63,AR,2023-07-22 11:33:56
51,tolanaro,-25.0319,46.9987,20.04,88,40,6.17,MG,2023-07-22 11:33:57
52,nguigmi,14.2495,13.1092,31.5,49,69,4.74,NE,2023-07-22 11:33:57
53,bilibino,68.0546,166.4372,13.06,77,89,1.88,RU,2023-07-22 11:33:57
54,iqaluit,63.7506,-68.5145,5.85,93,75,3.09,CA,2023-07-22 11:29:43
55,letlhakane,-21.4167,25.5833,17.46,50,0,3.49,BW,2023-07-22 11:30:19
56,dalandzadgad,43.5708,104.425,20.97,58,8,6.21,MN,2023-07-22 11:30:20
57,margaret river,-33.95,115.0667,11.71,82,0,2.88,AU,2023-07-22 11:33:58
58,port saint john's,-31.6229,29.5448,19.28,69,74,2.7,ZA,2023-07-22 11:33:58
59,minot,48.2325,-101.2963,24.45,53,0,3.09,US,2023-07-22 11:33:38
60,portland,45.5234,-122.6762,24.09,63,0,0.89,US,2023-07-22 11:30:59
61,klyuchi,52.2667,79.1667,18.14,65,44,2.27,RU,2023-07-22 11:33:58
62,zarand,30.8127,56.564,30.01,12,35,2.34,IR,2023-07-22 11:30:21
63,grytviken,-54.2811,-36.5092,-4.67,90,100,3.54,GS,2023-07-22 11:33:59
64,vila franca do campo,37.7167,-25.4333,23.23,64,33,1.5,PT,2023-07-22 11:33:59
65,atafu village,-8.5421,-172.5159,28.34,70,2,3.4,TK,2023-07-22 11:30:22
66,mil'kovo,55.6078,37.7956,22.73,56,95,2.94,RU,2023-07-22 11:33:59
67,yermentau,51.6214,73.1069,20.78,38,57,1.48,KZ,2023-07-22 11:33:59
68,ta`u,-14.2336,-169.5144,27.19,79,56,3.96,AS,2023-07-22 11:34:00
69,edinburgh of the seven seas,-37.0676,-12.3116,12.88,74,12,9.42,SH,2023-07-22 11:34:00
70,tiksi,71.6872,128.8694,7.86,88,58,2.87,RU,2023-07-22 11:34:00
71,idfu,24.9803,32.8747,37.96,7,25,5.63,EG,2023-07-22 11:34:00
72,lata,40.1629,-8.3327,23.93,47,0,4.91,PT,2023-07-22 11:34:00
73,wailua homesteads,22.0669,-159.378,24.44,89,100,7.2,US,2023-07-22 11:34:00
74,fort bragg,35.139,-79.006,29.72,63,100,3.09,US,2023-07-22 11:34:01
75,lazaro cardenas,17.9583,-102.2,28.59,66,100,2.43,MX,2023-07-22 11:34:01
76,ust'-uda,54.1742,103.0304,16.24,74,12,0.95,RU,2023-07-22 11:34:01
77,bakanas,44.8081,76.2772,32.24,18,4,7.51,KZ,2023-07-22 11:34:01
78,constantia,44.1833,28.65,33.38,46,2,4.63,RO,2023-07-22 11:34:02
79,olinda,-8.0089,-34.8553,27.85,69,40,5.66,BR,2023-07-22 11:30:26
80,adamstown,-25.066,-130.1015,21.0,61,80,6.42,PN,2023-07-22 11:31:23
81,yanam,16.7333,82.2167,25.92,87,100,3.37,IN,2023-07-22 11:34:02
82,kurmuk,10.55,34.2833,22.9,85,97,1.46,SD,2023-07-22 11:30:27
83,isafjordur,66.0755,-23.124,11.02,71,100,2.06,IS,2023-07-22 11:30:27
84,san rafael,-34.6177,-68.3301,13.24,45,96,7.01,AR,2023-07-22 11:30:28
85,west island,-12.1568,96.8225,23.99,88,75,5.66,CC,2023-07-22 11:34:03
86,ilulissat,69.2167,-51.1,9.01,81,100,2.57,GL,2023-07-22 11:34:03
87,solwezi,-12.1688,26.3894,18.95,40,6,1.92,ZM,2023-07-22 11:34:03
88,broken hill,-31.95,141.4333,8.69,70,96,4.4,AU,2023-07-22 11:34:03
89,invercargill,-46.4,168.35,5.57,92,46,2.19,NZ,2023-07-22 11:34:03
90,tulun,54.5611,100.5792,15.35,73,7,2.02,RU,2023-07-22 11:34:04
91,catumbela,-12.4314,13.5472,20.69,80,63,2.77,AO,2023-07-22 11:34:04
92,mitu,1.1983,-70.1733,28.81,71,66,1.08,CO,2023-07-22 11:34:04
93,port macquarie,-31.4333,152.9167,12.21,70,93,4.01,AU,2023-07-22 11:32:53
94,opuwo,-18.0607,13.84,23.3,19,0,2.94,NA,2023-07-22 11:34:04
95,tionk essil,12.7856,-16.5217,31.03,61,89,4.8,SN,2023-07-22 11:34:05
96,hilo,19.7297,-155.09,23.47,100,100,1.79,US,2023-07-22 11:32:55
97,dudinka,69.4058,86.1778,18.68,91,90,5.22,RU,2023-07-22 11:32:34
98,smithers,54.7804,-127.1743,14.18,88,75,2.57,CA,2023-07-22 11:34:05
99,cockburn town,21.4612,-71.1419,28.52,74,71,4.98,TC,2023-07-22 11:34:05
100,sandnessjoen,66.0217,12.6316,16.29,82,75,1.54,NO,2023-07-22 11:30:37
101,dharmavaram,14.4333,77.7167,25.41,76,100,10.45,IN,2023-07-22 11:34:05
102,merizo village,13.2658,144.6691,27.31,94,64,4.71,GU,2023-07-22 11:30:37
103,hermanus,-34.4187,19.2345,12.67,81,23,4.57,ZA,2023-07-22 11:34:06
104,utrik,11.2278,169.8474,27.99,75,83,7.83,MH,2023-07-22 11:30:38
105,palghar,19.6833,72.75,26.3,90,100,7.55,IN,2023-07-22 11:34:06
106,antofagasta,-23.65,-70.4,18.6,69,70,5.19,CL,2023-07-22 11:34:06
107,lebu,-37.6167,-73.65,11.79,79,30,3.94,CL,2023-07-22 11:32:44
108,kassala,15.451,36.4,35.34,33,57,4.02,SD,2023-07-22 11:30:39
109,kataba,13.9833,44.3833,22.89,56,97,3.38,YE,2023-07-22 11:34:07
110,lihue,21.9789,-159.3672,24.77,89,100,7.2,US,2023-07-22 11:34:07
111,awjilah,29.1081,21.2869,39.89,11,0,5.11,LY,2023-07-22 11:34:07
112,uturoa,-16.7333,-151.4333,24.29,74,100,6.86,PF,2023-07-22 11:30:40
113,jayapura,-2.5333,140.7,25.66,88,55,0.58,ID,2023-07-22 11:34:08
114,papatowai,-46.5619,169.4708,8.61,96,87,4.06,NZ,2023-07-22 11:34:08
115,college,64.8569,-147.8028,24.0,69,40,1.54,US,2023-07-22 11:34:08
116,la ronge,55.1001,-105.2842,18.14,68,75,4.63,CA,2023-07-22 11:34:08
117,georgetown,5.4112,100.3354,28.96,86,20,1.54,MY,2023-07-22 11:29:53
118,sinabang,2.4803,96.3801,26.48,81,85,0.88,ID,2023-07-22 11:34:09
119,vodnyy,63.5046,53.4095,15.33,86,49,1.59,RU,2023-07-22 11:34:09
120,aqadyr,48.2553,72.8483,22.29,27,76,3.47,KZ,2023-07-22 11:34:14
121,port mathurin,-19.6833,63.4167,23.35,70,1,10.38,MU,2023-07-22 11:34:14
122,kapuskasing,49.4169,-82.4331,22.05,43,20,1.54,CA,2023-07-22 11:34:14
123,caleta de carquin,-11.0925,-77.6267,21.69,70,30,4.14,PE,2023-07-22 11:34:15
124,terra roxa,-23.8557,-50.0314,23.41,50,0,2.69,BR,2023-07-22 11:34:15
125,pyapon,16.2833,95.6833,26.15,88,100,3.77,MM,2023-07-22 11:34:15
126,trincomalee,8.5711,81.2335,27.69,75,98,8.5,LK,2023-07-22 11:34:15
127,taroa,8.7058,171.2275,28.19,75,76,8.12,MH,2023-07-22 11:34:15
128,chonchi,-42.6128,-73.8092,8.95,67,99,2.12,CL,2023-07-22 11:34:16
129,yuzhno-kurilsk,44.0306,145.8556,14.44,97,91,4.15,RU,2023-07-22 11:30:43
130,mejit,10.2753,170.8646,27.94,77,95,7.55,MH,2023-07-22 11:34:16
131,puerto armuelles,8.2833,-82.8667,30.99,87,99,3.13,PA,2023-07-22 11:34:16
132,weno,7.4515,151.8468,28.31,80,99,9.68,FM,2023-07-22 11:34:16
133,amga,60.8953,131.9608,11.06,88,26,1.06,RU,2023-07-22 11:34:17
134,fale old settlement,-9.3852,-171.2468,28.25,75,7,3.23,TK,2023-07-22 11:34:17
135,altamira,-3.2033,-52.2064,32.05,43,40,2.57,BR,2023-07-22 11:34:17
136,saint-philippe,-21.3585,55.7679,21.77,84,68,7.19,RE,2023-07-22 11:34:17
137,flin flon,54.7682,-101.865,18.91,63,20,2.06,CA,2023-07-22 11:34:17
138,shimoda,34.6667,138.95,23.39,89,2,3.11,JP,2023-07-22 11:30:45
139,coquimbo,-29.9533,-71.3436,19.85,52,0,3.09,CL,2023-07-22 11:30:02
140,tsiombe,-25.3,45.4833,20.26,78,53,4.46,MG,2023-07-22 11:34:18
141,sodankyla,67.4167,26.6,15.81,70,98,2.68,FI,2023-07-22 11:30:46
142,east london,-33.0153,27.9116,20.52,45,0,4.12,ZA,2023-07-22 11:34:18
143,touros,-5.1989,-35.4608,28.39,63,17,8.68,BR,2023-07-22 11:34:18
144,soio,-6.1349,12.3689,22.29,80,77,4.61,AO,2023-07-22 11:30:46
145,sumbe,-11.2061,13.8437,21.05,80,8,3.35,AO,2023-07-22 11:34:18
146,severo-yeniseyskiy,60.3725,93.0408,18.35,71,99,1.57,RU,2023-07-22 11:34:19
147,egilsstadir,65.2653,-14.3948,13.95,67,75,3.09,IS,2023-07-22 11:34:19
148,hue,16.4667,107.6,28.06,83,20,1.54,VN,2023-07-22 11:34:19
149,karatuzskoye,53.6072,92.8667,17.31,89,25,5.43,RU,2023-07-22 11:34:19
150,boa vista,2.8197,-60.6733,27.99,74,75,3.6,BR,2023-07-22 11:34:20
151,khandyga,62.6667,135.6,11.25,95,2,0.6,RU,2023-07-22 11:34:20
152,lompoc,34.6391,-120.4579,24.36,100,0,2.06,US,2023-07-22 11:34:20
153,nemuro,43.3236,145.575,14.73,96,99,5.05,JP,2023-07-22 11:34:20
154,kirensk,57.7853,108.1119,17.57,70,6,0.67,RU,2023-07-22 11:29:59
155,medvedevo,56.6339,47.804,16.06,69,68,2.6,RU,2023-07-22 11:30:49
156,keningau,5.3378,116.1602,21.92,90,62,0.15,MY,2023-07-22 11:34:21
157,keflavik,64.0049,-22.5624,13.95,71,100,2.57,IS,2023-07-22 11:34:21
158,akureyri,65.6835,-18.0878,10.96,76,75,4.63,IS,2023-07-22 11:34:21
159,la passe,45.5549,-0.8967,26.13,64,15,4.84,FR,2023-07-22 11:34:22
160,quellon,-43.1167,-73.6167,8.14,66,20,2.57,CL,2023-07-22 11:32:34
161,qusmuryn,52.4503,64.6311,23.26,45,81,2.07,KZ,2023-07-22 11:30:50
162,tvoroyri,61.5556,-6.8111,11.09,85,12,6.61,FO,2023-07-22 11:34:22
163,al hasaheisa,14.7526,33.2984,36.65,30,57,5.48,SD,2023-07-22 11:34:22
164,bredasdorp,-34.5322,20.0403,11.29,63,15,3.13,ZA,2023-07-22 11:34:22
165,ponta delgada,37.7333,-25.6667,23.4,73,20,3.6,PT,2023-07-22 11:34:23
166,arraial do cabo,-22.9661,-42.0278,21.98,83,75,6.69,BR,2023-07-22 11:34:23
167,kirakira,-10.4544,161.9205,25.31,89,100,2.14,SB,2023-07-22 11:34:23
168,glendive,47.1053,-104.7125,27.09,50,0,1.54,US,2023-07-22 11:31:27
169,sterling,39.0062,-77.4286,28.95,56,75,2.68,US,2023-07-22 11:34:23
170,katsuura,35.1333,140.3,22.49,92,17,3.39,JP,2023-07-22 11:34:24
171,fulton,33.7668,-84.4499,27.43,73,100,5.66,US,2023-07-22 11:30:52
172,luau,-10.7073,22.2247,25.09,23,19,2.03,AO,2023-07-22 11:34:24
173,broome,42.2506,-75.833,25.95,52,75,4.63,US,2023-07-22 11:30:52
174,mangai,-4.05,19.5333,31.23,28,48,0.67,CD,2023-07-22 11:34:24
175,mangrol,21.1167,70.1167,27.2,87,100,5.67,IN,2023-07-22 11:34:24
176,araguaina,-7.1911,-48.2072,34.75,20,2,4.23,BR,2023-07-22 11:32:58
177,valparaiso,-33.0393,-71.6273,15.56,87,75,1.03,CL,2023-07-22 11:30:54
178,camana,-16.6228,-72.7111,18.95,78,5,4.94,PE,2023-07-22 11:34:25
179,puerto cabezas,14.0351,-83.3888,29.98,84,40,4.12,NI,2023-07-22 11:30:55
180,nouadhibou,20.931,-17.0347,26.99,57,1,9.26,MR,2023-07-22 11:34:25
181,castillos,-34.1667,-53.8333,25.03,59,100,7.11,UY,2023-07-22 11:30:56
182,carutapera,-1.195,-46.02,29.81,59,42,4.11,BR,2023-07-22 11:34:26
183,ghat,24.9647,10.1728,39.58,8,0,3.71,LY,2023-07-22 11:34:26
184,itoman,26.1247,127.6694,28.21,83,95,2.57,JP,2023-07-22 11:30:57
185,peace river,56.2501,-117.286,20.17,87,75,1.54,CA,2023-07-22 11:32:32
186,utena,55.5,25.6,14.33,95,100,2.99,LT,2023-07-22 11:30:57
187,vilyuysk,63.7553,121.6247,16.96,93,73,2.11,RU,2023-07-22 11:34:26
188,mossel bay,-34.1831,22.146,11.96,70,21,1.23,ZA,2023-07-22 11:30:57
189,sao joao da barra,-21.6403,-41.0511,23.05,69,6,4.15,BR,2023-07-22 11:34:27
190,remire-montjoly,4.9167,-52.2667,27.02,89,75,2.06,GF,2023-07-22 11:34:27
191,lorengau,-2.0226,147.2712,26.71,82,76,2.1,PG,2023-07-22 11:30:58
192,keelung,25.1283,121.7419,28.38,89,94,1.78,TW,2023-07-22 11:24:33
193,san patricio,28.017,-97.5169,34.53,38,2,0.89,US,2023-07-22 11:34:27
194,palikir - national government center,6.9248,158.1611,24.41,88,100,0.0,FM,2023-07-22 11:33:21
195,kruisfontein,-34.0033,24.7314,13.27,82,58,3.0,ZA,2023-07-22 11:34:27
196,sungai penuh,-2.0833,101.3833,17.78,97,71,0.67,ID,2023-07-22 11:34:28
197,sandpoint,48.2766,-116.5533,26.92,37,0,2.06,US,2023-07-22 11:33:00
198,whitehorse,60.7161,-135.0538,14.89,87,75,2.06,CA,2023-07-22 11:34:28
199,xichang,27.8964,102.2634,19.31,89,2,0.48,CN,2023-07-22 11:30:59
200,ust-nera,64.5667,143.2,10.84,93,100,1.95,RU,2023-07-22 11:34:28
201,carnarvon,-24.8667,113.6333,16.34,36,0,6.78,AU,2023-07-22 11:31:00
202,palmer,42.1584,-72.3287,26.36,56,40,2.57,US,2023-07-22 11:31:00
203,madimba,-10.4,40.3333,21.62,94,40,5.14,TZ,2023-07-22 11:34:29
204,flying fish cove,-10.4217,105.6791,24.82,88,100,5.14,CX,2023-07-22 11:31:00
205,zyryanskoye,56.8306,86.6258,17.7,93,77,3.02,RU,2023-07-22 11:31:00
206,kodinsk,58.6881,99.1844,18.81,59,3,1.67,RU,2023-07-22 11:32:26
207,miyako,39.6367,141.9525,20.46,96,59,2.64,JP,2023-07-22 11:34:29
208,garachico,28.7781,-17.7646,24.06,65,20,9.26,ES,2023-07-22 11:31:01
209,kodiak,57.79,-152.4072,8.73,93,100,1.54,US,2023-07-22 11:34:30
210,kununurra,-15.7667,128.7333,22.99,33,0,4.63,AU,2023-07-22 11:31:01
211,san matias,-16.3667,-58.4,35.17,16,0,4.6,BO,2023-07-22 11:31:01
212,grande prairie,55.1667,-118.8027,18.1,77,40,3.6,CA,2023-07-22 11:30:57
213,luderitz,-26.6481,15.1594,13.94,62,96,3.86,NA,2023-07-22 11:34:31
214,el bauga,18.262,33.9081,38.1,9,42,5.02,SD,2023-07-22 11:34:31
215,malango,-2.9627,119.9001,19.19,97,54,0.45,ID,2023-07-22 11:34:31
216,milagros,12.2181,123.5095,25.34,94,100,5.54,PH,2023-07-22 11:34:31
217,nikolayevsk-on-amure,53.1406,140.73,16.81,67,59,1.85,RU,2023-07-22 11:34:32
218,iskateley,67.6803,53.1512,15.36,89,94,6.55,RU,2023-07-22 11:34:32
219,stanley,54.868,-1.6985,15.99,100,100,3.6,GB,2023-07-22 11:34:32
220,saipan,15.1355,145.701,27.58,100,40,5.14,MP,2023-07-22 11:34:32
221,sisimiut,66.9395,-53.6735,6.08,98,100,6.19,GL,2023-07-22 11:31:04
222,bullhead city,35.1478,-114.5683,39.84,24,0,4.12,US,2023-07-22 11:31:04
223,georgievka,49.3314,81.5761,19.89,35,2,1.67,KZ,2023-07-22 11:34:33
224,halifax,44.6453,-63.5724,21.94,96,100,6.17,CA,2023-07-22 11:27:40
225,karwar,14.8,74.1333,25.55,90,100,7.26,IN,2023-07-22 11:34:33
226,kerikeri,-35.2268,173.9474,10.51,93,100,0.45,NZ,2023-07-22 11:34:33
227,sastre,-31.7676,-61.8289,29.32,34,38,8.61,AR,2023-07-22 11:34:34
228,mirny,62.5353,113.9611,19.02,63,6,1.79,RU,2023-07-22 11:34:34
229,libenge,3.65,18.6333,27.15,72,98,1.38,CD,2023-07-22 11:31:07
230,huarmey,-10.0681,-78.1522,23.06,68,12,4.37,PE,2023-07-22 11:34:34
231,meulaboh,4.1363,96.1285,25.07,88,100,1.63,ID,2023-07-22 11:34:34
232,port lincoln,-34.7333,135.8667,11.7,65,33,6.85,AU,2023-07-22 11:34:35
233,murun-kuren,49.6342,100.1625,13.56,84,72,0.79,MN,2023-07-22 11:34:35
234,enewetak,11.3474,162.3373,28.18,78,65,6.63,MH,2023-07-22 11:34:35
235,udachny,66.4167,112.4,21.36,52,38,4.66,RU,2023-07-22 11:31:09
236,vacaria,-28.5122,-50.9339,19.45,65,64,5.54,BR,2023-07-22 11:34:35
237,kuanda,56.3161,116.0806,16.54,68,4,1.05,RU,2023-07-22 11:34:35
238,tralee,52.2704,-9.7026,16.14,94,100,6.17,IE,2023-07-22 11:34:36
239,primero de mayo,-32.2552,-58.4228,26.97,54,100,10.44,AR,2023-07-22 11:34:36
240,ishigaki,24.3448,124.1572,29.07,84,75,3.09,JP,2023-07-22 11:34:36
241,cuiaba,-15.5961,-56.0967,31.96,27,0,6.17,BR,2023-07-22 11:34:36
242,chinde,26.8418,88.0763,19.74,93,30,1.33,NP,2023-07-22 11:34:36
243,newman,37.3138,-121.0208,29.58,10,42,1.8,US,2023-07-22 11:34:21
244,mugia,43.1041,-9.2179,23.84,67,92,5.86,ES,2023-07-22 11:34:36
245,prievidza,48.7745,18.6275,24.56,56,59,1.57,SK,2023-07-22 11:34:37
246,dolinsk,47.35,142.8,18.29,84,100,3.67,RU,2023-07-22 11:34:37
247,badger,64.8,-147.5333,23.96,71,0,1.54,US,2023-07-22 11:31:12
248,lagunas,-5.2269,-75.6753,35.01,34,14,0.89,PE,2023-07-22 11:31:12
249,alaghsas,17.0187,8.0168,39.94,27,20,4.12,NE,2023-07-22 11:31:12
250,swift current,50.2834,-107.8014,25.45,47,0,1.03,CA,2023-07-22 11:34:37
251,dalnegorsk,44.5604,135.5701,18.48,94,100,0.13,RU,2023-07-22 11:31:13
252,sinop,41.7711,34.8709,20.4,82,0,0.54,TR,2023-07-22 11:34:38
253,pitimbu,-7.4706,-34.8086,28.33,76,14,7.34,BR,2023-07-22 11:34:38
254,tambacounda,13.7539,-13.7586,35.03,55,75,4.12,SN,2023-07-22 11:34:38
255,yeniseysk,58.4497,92.1703,20.16,75,72,1.78,RU,2023-07-22 11:34:38
256,mata-utu,-13.2816,-176.1745,28.16,76,91,3.5,WF,2023-07-22 11:34:38
257,petropavlovsk-kamchatsky,53.0452,158.6483,13.33,94,0,3.0,RU,2023-07-22 11:31:15
258,okulovka,58.4008,33.2908,17.18,57,85,2.4,RU,2023-07-22 11:34:39
259,sampit,-2.5333,112.95,23.02,96,71,1.35,ID,2023-07-22 11:34:39
260,howard springs,-12.497,131.047,22.95,44,6,2.79,AU,2023-07-22 11:34:39
261,noosa heads,-26.3833,153.15,11.3,75,11,3.27,AU,2023-07-22 11:34:39
262,new norfolk,-42.7826,147.0587,9.4,95,85,1.19,AU,2023-07-22 11:34:39
263,yaren,-0.5472,166.916,28.09,76,100,4.88,NR,2023-07-22 11:34:39
264,margate,51.3813,1.3862,14.83,90,100,4.92,GB,2023-07-22 11:31:17
265,pangkalanbuun,-2.6833,111.6167,23.12,97,50,0.87,ID,2023-07-22 11:31:17
266,gadzhiyevo,69.2551,33.3362,9.62,80,97,7.43,RU,2023-07-22 11:34:40
267,armacao de buzios,-22.7469,-41.8817,22.09,72,0,5.95,BR,2023-07-22 11:34:10
268,nova sintra,14.8667,-24.7167,23.14,78,22,8.61,CV,2023-07-22 11:31:18
269,anadyr,64.75,177.4833,13.28,87,75,2.0,RU,2023-07-22 11:34:41
270,cartagena del chaira,1.3349,-74.8429,26.72,77,68,2.43,CO,2023-07-22 11:34:41
271,shahpur,16.7,76.8333,24.6,81,100,7.12,IN,2023-07-22 11:34:41
272,neustrelitz,53.3667,13.0833,17.95,56,100,4.76,DE,2023-07-22 11:34:41
273,marksville,31.128,-92.0662,34.43,55,64,2.75,US,2023-07-22 11:34:41
274,zaysan,47.4667,84.8667,22.47,43,6,3.5,KZ,2023-07-22 11:34:41
275,guerrero negro,27.9769,-114.0611,23.25,62,7,5.4,MX,2023-07-22 11:34:42
276,angaur state,6.906,134.13,27.71,79,79,4.57,PW,2023-07-22 11:34:42
277,minas de marcona,-15.2119,-75.1103,17.08,64,33,6.32,PE,2023-07-22 11:34:42
278,datca,36.7378,27.6842,29.52,56,0,7.76,TR,2023-07-22 11:34:42
279,polyarnyy,69.1989,33.4478,9.86,80,89,7.31,RU,2023-07-22 11:31:20
280,red hill,33.9996,-79.2581,33.82,67,63,2.48,US,2023-07-22 11:31:21
281,kavaratti,10.5669,72.642,28.15,82,78,8.76,IN,2023-07-22 11:34:43
282,palapye,-22.546,27.1251,16.28,59,0,3.35,BW,2023-07-22 11:34:43
283,gubkinskiy,64.434,76.5026,21.98,62,98,2.82,RU,2023-07-22 11:34:43
284,huinan,42.6225,126.2614,21.4,97,100,3.01,CN,2023-07-22 11:34:43
285,lander,42.833,-108.7307,26.1,34,0,0.0,US,2023-07-22 11:34:43
286,wawa,9.9022,4.4192,27.79,78,95,1.65,NG,2023-07-22 11:34:44
287,susuman,62.7833,148.1667,14.39,95,100,0.96,RU,2023-07-22 11:34:44
288,ancud,-41.8697,-73.8203,6.09,81,100,1.08,CL,2023-07-22 11:32:57
289,ihosy,-22.4,46.1167,15.81,93,89,3.47,MG,2023-07-22 11:31:23
290,aykhal,66.0,111.5,18.7,54,65,4.59,RU,2023-07-22 11:34:44
291,iraquara,-12.2486,-41.6194,18.84,80,99,4.47,BR,2023-07-22 11:34:44
292,saint augustine beach,29.8505,-81.2654,35.57,62,40,4.12,US,2023-07-22 11:31:24
293,padang,-0.9492,100.3543,25.03,89,100,1.29,ID,2023-07-22 11:34:32
294,prince rupert,54.3161,-130.3201,14.83,100,100,4.63,CA,2023-07-22 11:34:45
295,waiuku,-37.25,174.75,10.7,85,72,3.56,NZ,2023-07-22 11:31:25
296,yamada,39.4667,141.95,20.5,97,58,3.21,JP,2023-07-22 11:31:25
297,saint-pierre,-21.3393,55.4781,21.82,73,0,6.69,RE,2023-07-22 11:34:46
298,sechura,-5.5569,-80.8222,26.31,58,7,3.27,PE,2023-07-22 11:31:26
299,vadso,70.0744,29.7487,9.49,81,100,8.23,NO,2023-07-22 11:34:47
300,krathum baen,13.6533,100.2597,28.9,91,100,3.82,TH,2023-07-22 11:34:47
301,ocean shores,46.9737,-124.1563,17.99,93,100,1.34,US,2023-07-22 11:34:47
302,san luis de la loma,17.2706,-100.8939,31.65,57,99,2.79,MX,2023-07-22 11:34:48
303,estrela,-28.0611,-50.9383,19.91,64,94,4.11,BR,2023-07-22 11:34:48
304,la mira,18.035,-102.3266,29.71,61,100,1.89,MX,2023-07-22 11:34:48
305,hastings,50.8552,0.5729,16.07,40,100,9.13,GB,2023-07-22 11:29:59
306,stornoway,58.2093,-6.3865,15.58,77,37,9.26,GB,2023-07-22 11:34:48
307,jimena de la frontera,36.4352,-5.4539,32.26,23,17,1.58,ES,2023-07-22 11:31:36
308,hirara,24.8,125.2833,28.92,89,20,5.14,JP,2023-07-22 11:34:49
309,hadibu,12.65,54.0333,25.92,78,75,10.94,YE,2023-07-22 11:34:49
310,challapata,-18.9,-66.7667,13.77,19,0,3.26,BO,2023-07-22 11:34:49
311,sao miguel do araguaia,-13.275,-50.1628,33.02,25,1,4.29,BR,2023-07-22 11:31:37
312,langepas,61.2544,75.2124,19.74,60,99,3.1,RU,2023-07-22 11:34:50
313,zhezqazghan,47.7833,67.7667,28.38,20,37,3.76,KZ,2023-07-22 11:31:39
314,the pinery,39.4553,-104.7344,27.84,39,20,2.06,US,2023-07-22 11:34:50
315,saint johnsbury,44.4192,-72.0151,23.07,74,100,3.09,US,2023-07-22 11:31:40
316,el granada,37.5027,-122.4694,26.11,76,100,3.09,US,2023-07-22 11:31:40
317,cortez,37.3489,-108.5859,27.61,34,0,2.57,US,2023-07-22 11:34:50
318,fortuna,40.5982,-124.1573,15.92,91,0,2.06,US,2023-07-22 11:34:51
319,choibalsan,48.0667,114.5,13.3,78,89,3.07,MN,2023-07-22 11:31:40
320,markaz-e hukumat-e darweshan,31.1323,64.1934,34.56,11,68,2.89,AF,2023-07-22 11:34:51
321,lagos,6.5833,3.75,26.18,75,82,4.01,NG,2023-07-22 11:29:39
322,mpulungu,-8.7623,31.1141,25.67,38,4,3.18,ZM,2023-07-22 11:34:51
323,alofi,-19.0595,-169.9187,22.94,88,27,6.01,NU,2023-07-22 11:34:51
324,mont-laurier,46.5501,-75.4993,22.79,69,96,3.82,CA,2023-07-22 11:31:41
325,lauro de freitas,-12.8944,-38.3272,27.01,74,40,4.12,BR,2023-07-22 11:34:52
326,vallenar,-28.5708,-70.7581,22.16,27,94,0.62,CL,2023-07-22 11:31:42
327,labuan bajo,-8.4964,119.8877,22.49,76,90,3.41,ID,2023-07-22 11:34:52
328,laguna,38.421,-121.4238,33.87,42,0,0.45,US,2023-07-22 11:34:52
329,coyhaique,-45.5752,-72.0662,3.97,60,75,2.06,CL,2023-07-22 11:34:52
330,ore,6.7457,4.8775,24.6,92,99,2.44,NG,2023-07-22 11:31:42
331,tari,12.4086,4.4914,33.49,43,35,1.24,NG,2023-07-22 11:34:53
332,lerwick,60.1545,-1.1494,15.0,76,11,4.73,GB,2023-07-22 11:34:53
333,forked river,39.8398,-74.1901,28.39,55,95,0.89,US,2023-07-22 11:34:53
334,nabire,-3.3667,135.4833,24.09,93,72,1.92,ID,2023-07-22 11:34:53
335,boueni,-12.9025,45.0761,25.99,67,10,4.23,YT,2023-07-22 11:34:53
336,al kut,32.5147,45.819,40.8,7,0,7.43,IQ,2023-07-22 11:34:53
337,knoxville,35.9606,-83.9207,27.45,66,40,3.09,US,2023-07-22 11:32:45
338,richards bay,-28.783,32.0377,19.12,66,1,4.9,ZA,2023-07-22 11:31:44
339,kailua-kona,19.6406,-155.9956,27.55,83,75,2.06,US,2023-07-22 11:34:54
340,shenjiamen,29.9576,122.298,26.62,90,100,10.27,CN,2023-07-22 11:31:44
341,alice springs,-23.7,133.8833,2.75,75,0,2.57,AU,2023-07-22 11:34:54
342,ishinomaki,38.4167,141.3,21.43,93,72,1.86,JP,2023-07-22 11:30:18
343,walvis bay,-22.9575,14.5053,17.53,63,0,2.06,NA,2023-07-22 11:34:55
344,myeik,12.4333,98.6,25.33,91,100,6.4,MM,2023-07-22 11:34:55
345,arteche,12.2645,125.4048,25.22,92,94,5.55,PH,2023-07-22 11:34:55
346,pohang,36.0322,129.365,24.0,92,100,1.75,KR,2023-07-22 11:34:55
347,zambezi,-13.5432,23.1047,24.14,26,21,2.86,ZM,2023-07-22 11:34:55
348,chapada dos guimaraes,-15.4606,-55.7497,27.81,19,0,5.22,BR,2023-07-22 11:34:56
349,chichiriviche,10.9333,-68.2772,29.63,70,100,4.52,VE,2023-07-22 11:31:46
350,pangody,65.85,74.4859,20.86,67,85,1.79,RU,2023-07-22 11:34:56
351,ribeira do pombal,-10.8344,-38.5358,30.27,37,15,7.28,BR,2023-07-22 11:34:56
352,aasiaat,68.7098,-52.8699,4.2,99,100,2.12,GL,2023-07-22 11:34:56
353,murzuq,25.9155,13.9184,39.21,10,0,0.84,LY,2023-07-22 11:34:56
354,san marcos,33.1434,-117.1661,34.36,77,40,0.89,US,2023-07-22 11:34:57
355,darwin,-12.4611,130.8418,22.99,83,75,2.06,AU,2023-07-22 11:30:03
356,constitucion,-35.3333,-72.4167,12.74,78,25,2.5,CL,2023-07-22 11:32:53
357,bigues i riells,41.6833,2.2333,30.2,57,58,3.13,ES,2023-07-22 11:34:57
358,dakor,22.75,73.15,27.89,92,100,3.63,IN,2023-07-22 11:34:57
359,hamilton,39.1834,-84.5333,28.38,56,0,2.06,US,2023-07-22 11:31:23
360,kostanay,53.1667,63.5833,21.16,60,0,3.0,KZ,2023-07-22 11:34:57
361,caucete,-31.6518,-68.2811,16.37,40,27,7.07,AR,2023-07-22 11:34:58
362,puerto carreno,6.189,-67.4859,26.99,78,40,2.06,CO,2023-07-22 11:34:58
363,camabatela,-8.1881,15.375,26.2,30,75,1.45,AO,2023-07-22 11:34:58
364,rio negrinho,-26.2544,-49.5183,22.19,50,21,1.78,BR,2023-07-22 11:31:50
365,dauphin,51.1494,-100.0502,22.08,68,0,4.63,CA,2023-07-22 11:33:14
366,timbuktu,16.7735,-3.0074,38.92,24,59,1.54,ML,2023-07-22 11:34:58
367,firuzabad,28.8438,52.5707,31.53,11,83,3.53,IR,2023-07-22 11:31:51
368,qui nhon,13.7667,109.2333,27.04,81,100,2.05,VN,2023-07-22 11:31:52
369,verkhnevilyuysk,63.4453,120.3167,17.74,92,63,2.15,RU,2023-07-22 11:34:59
370,alesund,62.4723,6.1549,17.51,72,40,4.12,NO,2023-07-22 11:31:52
371,muynoq,43.7683,59.0214,31.08,28,3,3.85,UZ,2023-07-22 11:34:59
372,xiva,41.3783,60.3639,29.99,17,0,5.05,UZ,2023-07-22 11:34:59
373,copiapo,-27.3667,-70.3333,18.83,29,93,2.81,CL,2023-07-22 11:34:59
374,fauske,67.2588,15.3918,14.41,97,100,1.38,NO,2023-07-22 11:31:53
375,emmett,43.8735,-116.4993,30.67,28,3,0.45,US,2023-07-22 11:30:56
376,dryden,49.7833,-92.7503,21.16,73,40,2.57,CA,2023-07-22 11:35:00
377,tazovsky,67.4667,78.7,13.89,97,86,3.73,RU,2023-07-22 11:35:00
378,puerto deseado,-47.7503,-65.8938,3.98,72,100,8.42,AR,2023-07-22 11:35:00
379,san fernando,15.0286,120.6898,25.85,89,100,0.82,PH,2023-07-22 11:30:43
380,irtyshsk,53.3333,75.4572,20.9,49,72,3.98,KZ,2023-07-22 11:35:00
381,mulayjah,27.271,48.4242,37.9,9,29,2.25,SA,2023-07-22 11:31:54
382,shalqar,47.8333,59.6,31.46,26,22,1.71,KZ,2023-07-22 11:35:01
383,satwas,22.5333,76.6833,26.5,89,100,2.32,IN,2023-07-22 11:35:01
384,mountain home,43.133,-115.6912,27.46,24,0,0.0,US,2023-07-22 11:34:58
385,belyy yar,53.6039,91.3903,17.94,88,40,3.0,RU,2023-07-22 11:35:01
386,inongo,-1.95,18.2667,25.44,54,77,1.65,CD,2023-07-22 11:35:01
387,fort mcmurray,56.7268,-111.381,20.77,73,0,0.0,CA,2023-07-22 11:35:01
388,neiafu,-18.65,-173.9833,18.38,100,20,0.0,TO,2023-07-22 11:35:02
389,simplicio mendes,-7.8539,-41.9103,33.62,18,0,5.15,BR,2023-07-22 11:35:02
390,ketchikan,55.3422,-131.6461,16.26,94,100,0.0,US,2023-07-22 11:35:02
391,sault ste. marie,46.5168,-84.3333,23.31,58,0,2.06,CA,2023-07-22 11:35:02
392,coahuayana de hidalgo,18.7,-103.6583,33.14,58,87,2.37,MX,2023-07-22 11:35:03
393,eastham,41.8301,-69.9739,25.18,77,100,1.79,US,2023-07-22 11:35:03
394,howrah,22.5892,88.3103,28.0,94,20,2.57,IN,2023-07-22 11:35:03
395,geraldton,-28.7667,114.6,7.23,81,0,2.06,AU,2023-07-22 11:31:56
396,kupang,-10.1667,123.5833,23.43,77,55,4.35,ID,2023-07-22 11:35:03
397,mineros,-17.1167,-63.2333,33.03,28,0,6.64,BO,2023-07-22 11:35:04
398,dongola,19.1667,30.4833,40.17,8,100,7.38,SD,2023-07-22 11:31:47
399,santa marta,11.2408,-74.199,32.03,66,20,3.09,CO,2023-07-22 11:35:04
400,nogliki,51.8333,143.1667,16.25,90,99,6.36,RU,2023-07-22 11:31:57
401,i-n-salah,27.1935,2.4607,45.52,5,1,3.18,DZ,2023-07-22 11:35:04
402,nagqu,31.5,92.0,6.63,92,100,3.19,CN,2023-07-22 11:35:05
403,nar'yan-mar,67.6713,53.087,15.1,90,94,6.5,RU,2023-07-22 11:35:05
404,kavieng,-2.5744,150.7967,27.72,78,99,1.69,PG,2023-07-22 11:31:58
405,lebyazh'ye,55.2689,66.4947,18.25,69,87,2.85,RU,2023-07-22 11:35:05
406,hailar,49.2,119.7,16.63,96,100,3.56,CN,2023-07-22 11:31:59
407,kaliua,-5.0606,31.7936,23.94,31,5,2.25,TZ,2023-07-22 11:35:06
408,vikulovo,56.8167,70.6107,17.08,66,97,2.85,RU,2023-07-22 11:31:59
409,shahdad kot,27.8477,67.9055,34.4,52,92,4.48,PK,2023-07-22 11:35:06
410,malpica,43.3228,-8.8105,21.64,74,91,3.2,ES,2023-07-22 11:35:06
411,meadow lake,34.8014,-106.5436,29.84,37,1,2.95,US,2023-07-22 11:35:06
412,kholmsk,47.0511,142.0569,17.03,96,100,3.79,RU,2023-07-22 11:35:07
413,cabo san lucas,22.8909,-109.9124,35.66,58,0,1.54,MX,2023-07-22 11:30:28
414,portel,-1.9356,-50.8211,33.44,36,33,2.13,BR,2023-07-22 11:35:07
415,moldova noua,44.7375,21.6669,27.79,61,0,1.65,RO,2023-07-22 11:32:00
416,juan griego,11.0817,-63.9655,30.46,65,100,6.64,VE,2023-07-22 11:35:07
417,baruun-urt,46.6806,113.2792,14.33,75,9,3.42,MN,2023-07-22 11:35:07
418,inhambane,-23.865,35.3833,20.99,73,20,2.06,MZ,2023-07-22 11:35:08
419,menemen,38.6075,27.0694,36.65,34,0,4.12,TR,2023-07-22 11:35:09
420,vera cruz,-12.6333,-41.0333,19.76,69,98,2.58,BR,2023-07-22 11:33:14
421,island harbour,50.724,-1.2758,16.75,92,100,5.81,GB,2023-07-22 11:35:09
422,puerto aysen,-45.4,-72.7,4.79,80,83,1.87,CL,2023-07-22 11:32:35
423,muroto-misakicho,33.2833,134.15,25.82,90,1,4.31,JP,2023-07-22 11:35:10
424,tafuna,-14.3358,-170.72,24.97,100,40,0.0,AS,2023-07-22 11:35:10
425,changping,40.2186,116.2197,20.8,89,36,1.89,CN,2023-07-22 11:35:10
426,harper,4.375,-7.7169,26.26,73,74,4.57,LR,2023-07-22 11:35:10
427,port douglas,-16.4833,145.4667,20.58,78,0,1.55,AU,2023-07-22 11:35:11
428,wabag,-5.4781,143.7021,13.16,98,91,1.02,PG,2023-07-22 11:32:16
429,grand falls-windsor,48.9332,-55.6649,26.95,74,100,5.57,CA,2023-07-22 11:35:11
430,khovd,48.0056,91.6419,19.26,49,35,2.29,MN,2023-07-22 11:32:19
431,saudarkrokur,65.7461,-19.6394,10.97,72,80,2.89,IS,2023-07-22 11:35:11
432,sunne,59.8376,13.143,17.18,79,72,2.74,SE,2023-07-22 11:35:12
433,miches,18.9836,-69.0476,33.11,50,9,4.83,DO,2023-07-22 11:35:12
434,moa,20.6569,-74.9403,31.42,64,17,4.67,CU,2023-07-22 11:32:21
435,an muileann gcearr,53.5333,-7.35,17.6,98,100,1.33,IE,2023-07-22 11:35:12
436,novoishimskiy,53.1981,66.7694,20.12,55,67,2.17,KZ,2023-07-22 11:35:13
437,mildura,-34.2,142.15,10.18,57,100,3.05,AU,2023-07-22 11:31:02
438,bodaybo,57.8506,114.1933,16.49,78,12,0.84,RU,2023-07-22 11:35:13
439,arkhangel'sk,64.5401,40.5433,17.01,86,100,1.34,RU,2023-07-22 11:31:05
440,debre werk',10.6667,38.1667,14.71,78,99,2.27,ET,2023-07-22 11:35:13
441,bonthe,7.5264,-12.505,26.32,82,84,5.44,SL,2023-07-22 11:32:26
442,aswan,24.0934,32.907,40.61,8,0,5.14,EG,2023-07-22 11:35:13
443,massakory,12.996,15.7293,37.11,32,60,1.43,TD,2023-07-22 11:32:26
444,villa gesell,-37.2639,-56.973,14.47,94,100,6.91,AR,2023-07-22 11:32:26
445,badiyah,22.45,58.8,32.47,48,93,5.36,OM,2023-07-22 11:35:14
446,veraval,20.9,70.3667,26.94,88,100,6.19,IN,2023-07-22 11:35:14
447,yinchuan,38.4681,106.2731,27.23,25,2,0.47,CN,2023-07-22 11:31:38
448,nosy varika,-20.5833,48.5333,21.1,78,53,1.72,MG,2023-07-22 11:35:14
449,cobija,-11.0267,-68.7692,33.1,52,40,2.06,BO,2023-07-22 11:35:14
450,piti village,13.4626,144.6933,27.49,93,0,1.54,GU,2023-07-22 11:35:15
451,palenque,17.5167,-91.9667,26.09,89,75,0.0,MX,2023-07-22 11:31:10
452,oranjemund,-28.55,16.4333,12.28,70,93,2.88,NA,2023-07-22 11:32:28
453,bamboo flat,11.7,92.7167,25.96,84,100,4.93,IN,2023-07-22 11:35:15
454,faya-largeau,17.9257,19.1043,41.39,15,48,2.07,TD,2023-07-22 11:35:16
455,taltal,-25.4,-70.4833,20.84,61,58,2.48,CL,2023-07-22 11:35:16
456,mammoth lakes,37.6485,-118.9721,25.75,26,0,1.54,US,2023-07-22 11:34:47
457,acapulco de juarez,16.8634,-99.8901,29.9,66,75,2.06,MX,2023-07-22 11:35:16
458,vila velha,-20.3297,-40.2925,22.97,80,75,4.12,BR,2023-07-22 11:33:13
459,el nido,11.1858,119.3956,26.43,82,100,3.1,PH,2023-07-22 11:32:30
460,hammerfest,70.6634,23.6821,13.25,67,76,8.75,NO,2023-07-22 11:32:30
461,fukura,34.25,134.7167,26.0,89,40,1.54,JP,2023-07-22 11:35:17
462,tabou,4.423,-7.3528,26.09,74,95,4.7,CI,2023-07-22 11:35:17
463,tutoia,-2.7619,-42.2744,28.69,52,14,4.31,BR,2023-07-22 11:35:17
464,sarmiento,-45.5882,-69.07,3.69,65,87,4.08,AR,2023-07-22 11:35:17
465,qom,34.6401,50.8764,37.75,11,65,9.76,IR,2023-07-22 11:34:01
466,la'ie,21.6477,-157.9253,26.98,81,69,6.07,US,2023-07-22 11:35:18
467,santa cruz de barahona,18.2085,-71.1008,32.9,66,20,6.17,DO,2023-07-22 11:35:18
468,mankapur,27.0333,82.2333,32.4,57,74,5.57,IN,2023-07-22 11:35:18
469,robore,-18.3333,-59.75,33.3,18,0,6.59,BO,2023-07-22 11:35:18
470,sanga-sanga,5.0725,119.7853,27.45,75,100,1.3,PH,2023-07-22 11:32:33
471,penzance,50.1186,-5.5371,15.38,96,100,13.9,GB,2023-07-22 11:32:34
472,atamyrat,37.8357,65.2106,34.55,13,0,6.32,TM,2023-07-22 11:35:19
473,mae sot,16.7167,98.5667,24.08,99,80,1.04,TH,2023-07-22 11:32:34
474,ugoofaaru,5.6667,73.0,28.25,78,92,5.14,MV,2023-07-22 11:32:35
475,tromso,69.6496,18.957,18.54,63,75,3.6,NO,2023-07-22 11:35:19
476,khanty-mansiysk,61.0042,69.0019,20.06,60,0,1.0,RU,2023-07-22 11:35:19
477,selfoss,63.9331,-20.9971,15.02,71,97,2.99,IS,2023-07-22 11:35:19
478,lodja,-3.4833,23.4333,31.22,25,92,0.87,CD,2023-07-22 11:35:20
479,xinqing,48.2333,129.5,15.78,92,100,1.73,CN,2023-07-22 11:35:20
480,chapaev,50.2,51.1667,23.63,53,48,4.01,KZ,2023-07-22 11:35:20
481,manicore,-5.8092,-61.3003,32.97,49,20,4.63,BR,2023-07-22 11:35:20
482,qaqortoq,60.7167,-46.0333,10.09,80,94,1.88,GL,2023-07-22 11:35:20
483,quelimane,-17.8786,36.8883,21.97,83,75,1.54,MZ,2023-07-22 11:35:21
484,saldanha,-33.0117,17.9442,14.03,77,0,3.27,ZA,2023-07-22 11:35:21
485,la sarre,48.8002,-79.1996,21.45,37,0,1.96,CA,2023-07-22 11:35:21
486,chinchilla,-26.75,150.6333,6.55,55,0,2.78,AU,2023-07-22 11:32:37
487,mont-dore,-22.2833,166.5833,20.0,99,59,5.76,NC,2023-07-22 11:32:37
488,ayaviri,-14.8864,-70.5889,15.16,11,0,1.21,PE,2023-07-22 11:32:37
489,bogale,16.2833,95.4,25.93,88,100,3.6,MM,2023-07-22 11:32:38
490,anna regina,7.2644,-58.5077,29.45,65,6,3.73,GY,2023-07-22 11:35:22
491,yoichi,43.2039,140.7703,20.06,89,95,2.1,JP,2023-07-22 11:35:22
492,taro,-8.3862,115.28,22.0,86,86,2.08,ID,2023-07-22 11:35:22
493,kipushi,-11.7667,27.2333,19.6,40,14,1.76,CD,2023-07-22 11:32:39
494,ambon,-3.6954,128.1814,26.04,16,40,2.57,ID,2023-07-22 11:35:22
495,san pedro pochutla,15.7333,-96.4667,34.84,51,85,2.29,MX,2023-07-22 11:35:22
496,roma,43.2128,-75.4557,26.32,51,40,6.17,US,2023-07-22 11:35:23
497,ruteng,-8.6136,120.4721,13.75,86,100,0.74,ID,2023-07-22 11:35:23
498,ahar,38.4774,47.0699,24.87,51,88,4.11,IR,2023-07-22 11:35:23
499,vorgashor,67.5833,63.95,17.89,87,100,2.61,RU,2023-07-22 11:35:23
500,jahazpur,25.6167,75.2833,31.55,60,88,4.17,IN,2023-07-22 11:35:23
501,bangassou,4.7413,22.8184,24.45,72,68,1.76,CF,2023-07-22 11:35:24
502,maceio,-9.6658,-35.7353,27.69,74,75,8.75,BR,2023-07-22 11:35:24
503,harar,9.3094,42.1258,17.82,71,87,3.19,ET,2023-07-22 11:35:24
504,punta del este,-34.9667,-54.95,27.06,50,0,10.29,UY,2023-07-22 11:35:24
505,ridder,50.355,83.5133,14.39,83,38,0.76,KZ,2023-07-22 11:35:24
506,bollene,44.2848,4.753,32.27,29,0,1.03,FR,2023-07-22 11:32:42
507,yorkton,51.2167,-102.4677,22.91,64,0,4.12,CA,2023-07-22 11:35:25
508,yilan,24.757,121.753,27.92,99,81,1.09,TW,2023-07-22 11:35:25
509,zemetchino,53.4973,42.6163,18.24,66,100,2.75,RU,2023-07-22 11:35:25
510,ratnagiri,16.9833,73.3,25.94,89,100,7.77,IN,2023-07-22 11:35:25
511,romblon,12.5751,122.2708,26.67,85,100,2.86,PH,2023-07-22 11:35:25
512,angra do heroismo,38.65,-27.2167,25.34,85,20,0.45,PT,2023-07-22 11:35:25
513,tannum sands,-23.9504,151.3693,14.94,58,0,2.57,AU,2023-07-22 11:35:26
514,dok kham tai,19.1624,99.9934,24.59,91,1,1.5,TH,2023-07-22 11:32:43
515,san julian,21.0167,-102.1667,24.18,38,56,3.33,MX,2023-07-22 11:35:26
516,fisterra,42.9049,-9.2629,23.75,70,88,8.54,ES,2023-07-22 11:32:43
517,miguel ahumada,30.6167,-106.5167,33.54,24,29,8.52,MX,2023-07-22 11:35:26
518,cambria,35.5641,-121.0808,24.41,52,6,2.4,US,2023-07-22 11:35:26
519,lionel town,17.8101,-77.2406,32.94,58,16,6.13,JM,2023-07-22 11:35:27
520,velikiy ustyug,60.7644,46.3106,14.08,83,79,4.07,RU,2023-07-22 11:35:27
521,kapshagay,43.8833,77.0833,28.93,23,0,3.87,KZ,2023-07-22 11:32:44
522,coeur d'alene,47.6777,-116.7805,26.63,36,0,5.14,US,2023-07-22 11:35:27
523,petauke,-14.2426,31.3253,19.58,51,4,4.22,ZM,2023-07-22 11:35:27
524,puerto santa,-8.9906,-78.6456,22.88,70,63,3.75,PE,2023-07-22 11:35:27
525,kill devil hills,36.0307,-75.676,31.0,76,0,3.09,US,2023-07-22 11:35:28
526,namibe,-15.1961,12.1522,18.9,79,12,4.11,AO,2023-07-22 11:35:28
527,keokuk,40.3973,-91.3849,27.27,57,0,2.57,US,2023-07-22 11:32:45
528,wuwei,37.9281,102.6414,22.5,27,83,0.8,CN,2023-07-22 11:32:45
529,nova vicosa,-17.8919,-39.3719,23.82,73,42,4.42,BR,2023-07-22 11:31:46
530,izhmorskiy,56.194,86.6414,15.7,94,57,3.18,RU,2023-07-22 11:35:28
531,hasaki,35.7333,140.8333,23.5,85,1,2.35,JP,2023-07-22 11:35:28
532,zaragoza,41.6561,-0.8773,33.03,24,0,2.57,ES,2023-07-22 11:35:29
533,pocahontas,36.2615,-90.9712,27.81,69,0,3.13,US,2023-07-22 11:35:29
534,kalamata,37.0389,22.1142,34.5,42,0,2.06,GR,2023-07-22 11:32:46
535,patong,7.8961,98.2966,28.34,75,100,7.3,TH,2023-07-22 11:32:47
536,griffith,41.5284,-87.4237,28.27,55,0,2.57,US,2023-07-22 11:35:29
537,ailuk,10.2197,169.9797,28.08,77,100,8.1,MH,2023-07-22 11:35:30
538,srivardhan,18.0333,73.0167,26.2,90,100,7.31,IN,2023-07-22 11:35:30
539,marau,-28.4492,-52.2,22.97,70,47,4.51,BR,2023-07-22 11:34:49
540,iron river,46.0927,-88.6423,25.31,39,21,2.13,US,2023-07-22 11:35:30
541,sagae,38.3725,140.2725,20.32,98,86,0.47,JP,2023-07-22 11:35:30
542,falam,22.9167,93.6833,18.3,98,99,0.82,MM,2023-07-22 11:35:30
543,barra do corda,-5.5,-45.25,35.73,21,24,3.4,BR,2023-07-22 11:35:30
544,turkestan,43.3333,68.25,32.94,19,5,8.24,KZ,2023-07-22 11:35:31
545,tarp,54.6667,9.4,14.96,94,100,3.09,DE,2023-07-22 11:35:31
546,jiuquan,39.7432,98.5174,27.06,12,37,1.69,CN,2023-07-22 11:32:50
547,butembo,0.15,29.2833,18.93,46,55,1.44,CD,2023-07-22 11:35:31
548,huntsville,34.7304,-86.5861,28.45,72,75,1.79,US,2023-07-22 11:35:31
549,colonia,50.9333,6.95,25.53,36,0,5.14,DE,2023-07-22 11:30:34
550,tyuratam,45.6507,63.3156,32.42,21,29,1.8,KZ,2023-07-22 11:35:31
551,bikenibeu village,1.3673,173.1241,25.98,94,100,1.03,KI,2023-07-22 11:35:32
552,berdigestyakh,62.0989,126.6992,14.85,80,69,2.04,RU,2023-07-22 11:35:32
553,tindouf,27.6711,-8.1474,45.25,5,2,3.09,DZ,2023-07-22 11:35:32
554,xuddur,4.1213,43.8894,26.1,62,100,8.42,SO,2023-07-22 11:35:32
555,srikakulam,18.3,83.9,27.98,85,100,1.92,IN,2023-07-22 11:32:51
556,qacha's nek,-30.1154,28.6894,7.7,54,63,3.39,LS,2023-07-22 11:35:34
557,karaton,-6.3424,106.1045,23.64,88,95,0.11,ID,2023-07-22 11:35:34
558,juneau,58.3019,-134.4197,15.12,100,100,1.54,US,2023-07-22 11:30:44
559,inarajan village,13.2736,144.7484,27.54,95,56,4.7,GU,2023-07-22 11:32:52
560,kolonia,50.9333,6.95,25.53,36,0,4.63,DE,2023-07-22 11:33:09
561,linhares,-19.3911,-40.0722,24.48,60,77,3.96,BR,2023-07-22 11:35:34
562,karatas,36.582,35.3701,31.36,79,0,5.2,TR,2023-07-22 11:35:35
563,huaiyuan chengguanzhen,32.9589,117.1657,26.15,86,77,2.92,CN,2023-07-22 11:35:35
564,kayangel,8.0823,134.7173,27.9,79,100,4.62,PW,2023-07-22 11:35:35
565,nadym,65.5333,72.5167,20.6,69,49,1.63,RU,2023-07-22 11:35:36
566,labrador city,52.9463,-66.9114,19.95,68,100,2.57,CA,2023-07-22 11:35:36
